,Com,Year,Plant,Harv,Prod,Yld,WA_Price,LRate
0,Corn,1866/67,,30.02,730.81,24.3,0.66,
1,Corn,1867/68,,32.12,793.91,24.7,0.78,
2,Corn,1868/69,,35.12,919.59,26.2,0.62,
3,Corn,1869/70,,35.83,782.08,21.8,0.73,
4,Corn,1870/71,,38.39,1124.78,29.3,0.52,
5,Corn,1871/72,,42.0,1141.72,27.2,0.46,
6,Corn,1872/73,,43.58,1279.37,29.4,0.38,
7,Corn,1873/74,,44.08,1008.33,22.9,0.48,
8,Corn,1874/75,,47.64,1058.78,22.2,0.64,
9,Corn,1875/76,,52.45,1450.28,27.7,0.42,
10,Corn,1876/77,,55.28,1478.17,26.7,0.36,
11,Corn,1877/78,,58.8,1515.86,25.8,0.36,
12,Corn,1878/79,,59.66,1564.54,26.2,0.31,
13,Corn,1879/80,,62.23,1751.98,28.2,0.36,
14,Corn,1880/81,,62.55,1706.67,27.3,0.39,
15,Corn,1881/82,,63.03,1244.8,19.8,0.63,
16,Corn,1882/83,,66.16,1755.27,26.5,0.48,
17,Corn,1883/84,,68.17,1652.15,24.2,0.42,
18,Corn,1884/85,,68.83,1947.84,28.3,0.35,
19,Corn,1885/86,,71.85,2057.81,28.6,0.32,
20,Corn,1886/87,,73.91,1782.77,24.1,0.36,
21,Corn,1887/88,,73.3,1604.55,21.9,0.43,
22,Corn,1888/89,,77.47,2250.63,29.1,0.33,
23,Corn,1889/90,,77.66,2294.29,29.5,0.28,
24,Corn,1890/91,,74.79,1650.45,22.1,0.5,
25,Corn,1891/92,,78.86,2335.8,29.6,0.4,
26,Corn,1892/93,,76.91,1897.41,24.7,0.39,
27,Corn,1893/94,,79.83,1900.4,23.8,0.36,
28,Corn,1894/95,,80.07,1615.02,20.2,0.45,
29,Corn,1895/96,,90.48,2534.76,28.0,0.25,
30,Corn,1896/97,,89.07,2671.05,30.0,0.21,
31,Corn,1897/98,,89.97,2287.63,25.4,0.26,
32,Corn,1898/99,,87.78,2351.32,26.8,0.29,
33,Corn,1899/00,,94.59,2645.8,28.0,0.3,
34,Corn,1900/01,,94.85,2661.98,28.1,0.35,
35,Corn,1901/02,,94.42,1715.75,18.2,0.6,
36,Corn,1902/03,,97.18,2773.95,28.5,0.4,
37,Corn,1903/04,,93.56,2515.09,26.9,0.42,
38,Corn,1904/05,,95.23,2686.62,28.2,0.44,
39,Corn,1905/06,,95.75,2954.15,30.9,0.41,
40,Corn,1906/07,,95.62,3032.91,31.7,0.39,
41,Corn,1907/08,,96.09,2613.8,27.2,0.51,
42,Corn,1908/09,,95.29,2566.74,26.9,0.65,
43,Corn,1909/10,,100.2,2611.16,26.1,0.58,
44,Corn,1910/11,,102.27,2852.79,27.9,0.48,
45,Corn,1911/12,,101.39,2474.64,24.4,0.65,
46,Corn,1912/13,,101.45,2947.84,29.1,0.51,
47,Corn,1913/14,,100.21,2272.54,22.7,0.66,
48,Corn,1914/15,,97.8,2523.75,25.8,0.67,
49,Corn,1915/16,,100.62,2829.04,28.1,0.65,
50,Corn,1916/17,,100.56,2425.21,24.1,1.13,
51,Corn,1917/18,,110.89,2908.24,26.2,1.39,
52,Corn,1918/19,,102.2,2441.25,23.9,1.45,
53,Corn,1919/20,,87.49,2341.87,26.8,1.44,
54,Corn,1920/21,,90.15,2695.09,29.9,0.54,
55,Corn,1921/22,,91.94,2556.92,27.8,0.46,
56,Corn,1922/23,,84.86,2229.5,26.3,0.69,
57,Corn,1923/24,,87.49,2429.55,27.8,0.76,
58,Corn,1924/25,,84.12,1860.11,22.1,1.02,
59,Corn,1925/26,,86.83,2382.29,27.4,0.65,
60,Corn,1926/27,99.66,83.28,2140.21,25.7,0.72,
61,Corn,1927/28,98.46,83.92,2218.19,26.4,0.8,
62,Corn,1928/29,100.4,85.83,2260.99,26.3,0.8,
63,Corn,1929/30,99.13,83.19,2135.04,25.7,0.76,
64,Corn,1930/31,103.92,85.53,1757.3,20.5,0.55,
65,Corn,1931/32,109.36,91.13,2229.9,24.5,0.29,
66,Corn,1932/33,113.02,97.21,2578.69,26.5,0.29,
67,Corn,1933/34,109.83,92.13,2104.73,22.8,0.49,
68,Corn,1934/35,100.56,61.25,1146.73,18.7,0.8,
69,Corn,1935/36,99.97,82.55,2001.37,24.2,0.63,
70,Corn,1936/37,101.96,67.83,1258.67,18.6,1.03,
71,Corn,1937/38,97.17,81.22,2349.43,28.9,0.49,
72,Corn,1938/39,94.47,82.79,2300.1,27.8,0.47,
73,Corn,1939/40,91.64,78.31,2341.6,29.9,0.54,
74,Corn,1940/41,88.69,76.44,2206.88,28.9,0.6,
75,Corn,1941/42,86.84,77.4,2414.45,31.2,0.74,
76,Corn,1942/43,88.82,79.21,2801.82,35.4,0.89,
77,Corn,1943/44,94.34,81.91,2668.49,32.6,1.08,
78,Corn,1944/45,95.48,85.0,2801.61,33.0,1.03,
79,Corn,1945/46,89.26,77.93,2577.45,33.1,1.23,
80,Corn,1946/47,88.9,78.41,2916.09,37.2,1.53,
81,Corn,1947/48,85.04,73.8,2108.32,28.6,2.16,
82,Corn,1948/49,85.52,76.84,3307.04,43.0,1.28,
83,Corn,1949/50,86.74,77.11,2946.21,38.2,1.24,
84,Corn,1950/51,82.86,72.4,2764.07,38.2,1.52,1.47
85,Corn,1951/52,83.28,71.19,2628.94,36.9,1.66,
86,Corn,1952/53,82.23,71.35,2980.79,41.8,1.52,1.6
87,Corn,1953/54,81.57,70.74,2881.8,40.7,1.48,1.6
88,Corn,1954/55,82.19,68.67,2707.91,39.4,1.43,1.62
89,Corn,1955/56,80.93,68.46,2872.96,42.0,1.35,1.58
90,Corn,1956/57,77.83,64.88,3075.34,47.4,1.29,1.5
91,Corn,1957/58,73.18,63.07,3045.36,48.3,1.11,1.4
92,Corn,1958/59,73.35,63.55,3356.21,52.8,1.12,1.36
93,Corn,1959/60,82.74,72.09,3824.6,53.1,1.05,1.12
94,Corn,1960/61,81.43,71.42,3906.95,54.7,1.0,1.06
95,Corn,1961/62,65.92,57.63,3597.8,62.4,1.1,1.2
96,Corn,1962/63,65.02,55.73,3606.31,64.7,1.12,1.2
97,Corn,1963/64,68.77,59.23,4019.24,67.9,1.11,1.07
98,Corn,1964/65,65.82,55.37,3484.25,62.9,1.17,1.1
99,Corn,1965/66,65.17,55.39,4102.87,74.1,1.16,1.05
100,Corn,1966/67,66.35,57.0,4167.61,73.1,1.24,1.0
101,Corn,1967/68,71.16,60.69,4860.37,80.1,1.03,1.05
102,Corn,1968/69,65.13,55.98,4449.54,79.5,1.08,1.05
103,Corn,1969/70,64.26,54.57,4687.06,85.9,1.16,1.05
104,Corn,1970/71,66.86,57.36,4152.24,72.4,1.33,1.05
105,Corn,1971/72,74.18,64.12,5646.26,88.1,1.08,1.05
106,Corn,1972/73,67.13,57.51,5579.83,97.0,1.57,1.05
107,Corn,1973/74,72.25,62.14,5670.71,91.3,2.55,1.05
108,Corn,1974/75,77.94,65.41,4701.4,71.9,3.02,1.1
109,Corn,1975/76,78.72,67.63,5840.76,86.4,2.54,1.1
110,Corn,1976/77,84.59,71.51,6289.17,88.0,2.15,1.5
111,Corn,1977/78,84.33,71.61,6505.04,90.8,2.02,2.0
112,Corn,1978/79,81.68,71.93,7267.93,101.0,2.25,2.0
113,Corn,1979/80,81.39,72.4,7928.14,109.5,2.52,2.1
114,Corn,1980/81,84.04,72.96,6639.4,91.0,3.11,2.25
115,Corn,1981/82,84.1,74.52,8118.65,108.9,2.5,2.4
116,Corn,1982/83,81.86,72.72,8235.1,113.2,2.55,2.55
117,Corn,1983/84,60.21,51.48,4174.25,81.1,3.21,2.65
118,Corn,1984/85,80.52,71.9,7672.13,106.7,2.63,2.55
119,Corn,1985/86,83.4,75.21,8875.45,118.0,2.23,2.55
120,Corn,1986/87,76.58,68.91,8225.76,119.4,1.5,1.92
121,Corn,1987/88,66.2,59.51,7131.3,119.8,1.94,1.82
122,Corn,1988/89,67.72,58.25,4928.68,84.6,2.54,1.77
123,Corn,1989/90,72.32,64.78,7531.95,116.3,2.36,1.65
124,Corn,1990/91,74.17,66.95,7934.03,118.5,2.28,1.57
125,Corn,1991/92,75.96,68.82,7474.77,108.6,2.37,1.62
126,Corn,1992/93,79.31,72.08,9476.7,131.5,2.07,1.72
127,Corn,1993/94,73.24,62.93,6337.73,100.7,2.5,1.72
128,Corn,1994/95,78.92,72.51,10050.52,138.6,2.26,1.89
129,Corn,1995/96,71.48,65.21,7400.05,113.5,3.24,1.89
130,Corn,1996/97,79.23,72.64,9232.56,127.1,2.71,1.89
131,Corn,1997/98,79.54,72.67,9206.83,126.7,2.43,1.89
132,Corn,1998/99,80.17,72.59,9758.69,134.4,1.94,1.89
133,Corn,1999/00,77.39,70.49,9430.61,133.8,1.82,1.89
134,Corn,2000/01,79.55,72.44,9915.05,136.9,1.85,1.89
135,Corn,2001/02,75.7,68.77,9502.58,138.2,1.97,1.89
136,Corn,2002/03,78.89,69.33,8966.79,129.3,2.32,1.98
137,Corn,2003/04,78.6,70.94,10087.29,142.2,2.42,1.98
138,Corn,2004/05,80.93,73.63,11805.58,160.3,2.06,1.95
139,Corn,2005/06,81.78,75.12,11112.19,147.9,2.0,1.95
140,Corn,2006/07,78.33,70.64,10531.12,149.1,3.04,1.95
141,Corn,2007/08,93.53,86.52,13037.88,150.7,4.2,1.95
142,Corn,2008/09,85.98,78.57,12043.2,153.3,4.06,1.95
143,Corn,2009/10,86.38,79.49,13067.16,164.4,3.55,1.95
144,Corn,2010/11,88.19,81.45,12425.33,152.6,5.18,1.95
145,Corn,2011/12,91.94,83.88,12313.96,146.8,6.22,1.95
146,Corn,2012/13,97.29,87.37,10755.11,123.1,6.89,1.95
147,Corn,2013/14,95.37,87.46,13830.7,158.1,4.46,1.95
148,Corn,2014/15,90.6,83.15,14217.29,171.0,3.7,1.95
149,Corn,2015/16,88.02,80.75,13601.96,168.4,3.61,1.95
150,Corn,2016/17,94.0,86.75,15148.04,174.6,3.36,1.95
151,Corn,2017/18,90.17,82.73,14609.41,176.6,3.36,1.95
152,Corn,2018/19,88.87,81.28,14340.37,176.4,3.61,1.95
153,Corn,2019/20,89.75,81.34,13619.93,167.5,3.56,2.2
154,Corn,2020/21,90.82,82.47,14182.48,171.98,4.4,2.2
155,Corn,2021/22,92.69,84.5,15165.0,179.48,5.6,2.2
156,Sorghum,1919/20,,,,,1.4,
157,Sorghum,1920/21,,,,,0.68,
158,Sorghum,1921/22,,,,,0.53,
159,Sorghum,1922/23,,,,,0.93,
160,Sorghum,1923/24,,,,,0.88,
161,Sorghum,1924/25,,,,,0.99,
162,Sorghum,1925/26,,,,,0.76,
163,Sorghum,1926/27,,,,,0.64,
164,Sorghum,1927/28,,,,,0.73,
165,Sorghum,1928/29,,,,,0.7,
166,Sorghum,1929/30,8.83,3.52,49.97,14.2,0.76,
167,Sorghum,1930/31,9.45,3.48,37.56,10.8,0.57,
168,Sorghum,1931/32,10.69,4.44,71.91,16.2,0.3,
169,Sorghum,1932/33,12.07,4.4,66.1,15.0,0.31,
170,Sorghum,1933/34,12.6,4.35,54.39,12.5,0.51,
171,Sorghum,1934/35,14.61,2.4,19.21,8.0,0.87,
172,Sorghum,1935/36,16.49,4.6,57.61,12.5,0.54,
173,Sorghum,1936/37,13.36,2.79,30.27,10.8,0.92,
174,Sorghum,1937/38,13.0,4.92,69.95,14.2,0.51,
175,Sorghum,1938/39,15.56,4.7,67.21,14.3,0.41,
176,Sorghum,1939/40,17.86,4.76,53.28,11.2,0.58,
177,Sorghum,1940/41,21.21,6.37,85.82,13.5,0.49,
178,Sorghum,1941/42,18.8,6.02,113.54,18.9,0.58,
179,Sorghum,1942/43,16.08,5.99,109.65,18.3,0.79,
180,Sorghum,1943/44,17.73,6.89,109.54,15.9,1.14,
181,Sorghum,1944/45,18.46,9.39,184.98,19.7,0.91,
182,Sorghum,1945/46,15.67,6.32,96.06,15.2,1.2,
183,Sorghum,1946/47,14.27,6.67,106.03,15.9,1.4,
184,Sorghum,1947/48,11.28,5.48,93.22,17.0,1.83,
185,Sorghum,1948/49,13.21,7.32,131.38,18.0,1.28,
186,Sorghum,1949/50,11.06,6.6,148.49,22.5,1.13,
187,Sorghum,1950/51,16.06,10.35,233.54,22.6,1.05,1.05
188,Sorghum,1951/52,15.03,8.54,162.86,19.1,1.32,1.22
189,Sorghum,1952/53,12.29,5.33,90.74,17.0,1.58,
190,Sorghum,1953/54,14.59,6.3,115.72,18.4,1.32,
191,Sorghum,1954/55,20.15,11.72,235.58,20.1,1.26,
192,Sorghum,1955/56,23.92,12.89,242.64,18.8,0.97,
193,Sorghum,1956/57,21.38,9.21,204.88,22.2,1.15,
194,Sorghum,1957/58,26.89,19.68,567.51,28.8,0.97,
195,Sorghum,1958/59,20.68,16.52,581.01,35.2,1.0,
196,Sorghum,1959/60,19.51,15.41,555.44,36.1,0.86,
197,Sorghum,1960/61,19.6,15.6,619.95,39.7,0.83,
198,Sorghum,1961/62,14.29,10.99,480.21,43.7,1.01,
199,Sorghum,1962/63,15.06,11.57,510.28,44.1,1.02,
200,Sorghum,1963/64,17.52,13.33,585.39,43.9,0.97,
201,Sorghum,1964/65,16.77,11.74,489.8,41.7,1.05,
202,Sorghum,1965/66,17.08,13.03,672.7,51.6,0.99,
203,Sorghum,1966/67,16.37,12.81,714.99,55.8,1.02,
204,Sorghum,1967/68,18.95,14.99,755.34,50.4,0.99,
205,Sorghum,1968/69,17.79,13.89,731.28,52.6,0.95,
206,Sorghum,1969/70,17.23,13.44,729.92,54.3,1.07,
207,Sorghum,1970/71,16.96,13.57,683.18,50.4,1.14,
208,Sorghum,1971/72,20.55,16.14,868.0,53.8,1.04,
209,Sorghum,1972/73,17.04,13.21,801.35,60.7,1.37,
210,Sorghum,1973/74,18.99,15.7,923.22,58.8,2.14,
211,Sorghum,1974/75,17.59,13.81,622.71,45.1,2.77,
212,Sorghum,1975/76,18.08,15.4,754.35,49.0,2.36,1.05
213,Sorghum,1976/77,18.14,14.47,710.8,49.1,2.03,1.43
214,Sorghum,1977/78,16.64,13.8,780.94,56.6,1.82,1.9
215,Sorghum,1978/79,16.2,13.41,731.27,54.5,2.01,1.9
216,Sorghum,1979/80,15.28,12.9,807.42,62.6,2.35,2.0
217,Sorghum,1980/81,15.64,12.51,579.34,46.3,2.91,2.14
218,Sorghum,1981/82,15.93,13.68,875.84,64.0,2.25,2.28
219,Sorghum,1982/83,16.03,14.14,835.08,59.1,2.47,2.42
220,Sorghum,1983/84,11.88,10.0,487.52,48.7,2.74,2.52
221,Sorghum,1984/85,17.25,15.36,866.24,56.4,2.32,2.42
222,Sorghum,1985/86,18.29,16.78,1120.27,66.8,1.93,
223,Sorghum,1986/87,15.34,13.86,938.87,67.7,1.37,1.82
224,Sorghum,1987/88,11.76,10.53,730.81,69.4,1.7,1.74
225,Sorghum,1988/89,10.34,9.04,576.69,63.8,2.27,1.68
226,Sorghum,1989/90,12.64,11.1,615.42,55.4,2.1,1.57
227,Sorghum,1990/91,10.54,9.09,573.3,63.1,2.12,1.49
228,Sorghum,1991/92,11.06,9.87,584.86,59.3,2.25,1.54
229,Sorghum,1992/93,13.18,12.05,875.02,72.6,1.89,1.63
230,Sorghum,1993/94,9.88,8.92,534.17,59.9,2.31,1.63
231,Sorghum,1994/95,9.79,8.88,645.74,72.7,2.13,1.8
232,Sorghum,1995/96,9.43,8.25,458.65,55.6,3.19,1.8
233,Sorghum,1996/97,13.1,11.81,795.27,67.3,2.34,1.81
234,Sorghum,1997/98,10.05,9.16,633.55,69.2,2.21,1.76
235,Sorghum,1998/99,9.63,7.72,519.93,67.3,1.66,1.74
236,Sorghum,1999/00,9.29,8.54,595.17,69.7,1.57,1.74
237,Sorghum,2000/01,9.2,7.73,470.53,60.9,1.89,1.71
238,Sorghum,2001/02,10.25,8.58,514.04,59.9,1.94,1.71
239,Sorghum,2002/03,9.59,7.13,360.71,50.6,2.32,1.98
240,Sorghum,2003/04,9.42,7.8,411.22,52.7,2.39,1.98
241,Sorghum,2004/05,7.49,6.52,453.61,69.6,1.79,1.95
242,Sorghum,2005/06,6.45,5.74,392.74,68.5,1.86,1.95
243,Sorghum,2006/07,6.52,4.94,276.82,56.1,3.29,1.95
244,Sorghum,2007/08,7.71,6.79,497.45,73.2,4.08,1.95
245,Sorghum,2008/09,8.4,7.31,475.86,65.1,3.2,1.95
246,Sorghum,2009/10,6.6,5.5,381.61,69.4,3.22,1.95
247,Sorghum,2010/11,5.37,4.81,345.46,71.9,5.02,1.95
248,Sorghum,2011/12,5.45,3.95,212.99,54.0,5.99,1.95
249,Sorghum,2012/13,6.26,5.0,247.74,49.6,6.33,1.95
250,Sorghum,2013/14,8.08,6.59,392.33,59.6,4.28,1.95
251,Sorghum,2014/15,7.14,6.4,432.58,67.6,4.03,1.95
252,Sorghum,2015/16,8.46,7.85,596.75,76.0,3.31,1.95
253,Sorghum,2016/17,6.69,6.16,480.26,77.9,2.79,1.95
254,Sorghum,2017/18,5.63,5.04,361.87,71.7,3.22,1.95
255,Sorghum,2018/19,5.69,5.06,364.99,72.1,3.26,1.95
256,Sorghum,2019/20,5.27,4.68,341.46,73.0,3.34,2.2
257,Sorghum,2020/21,5.88,5.1,372.96,73.2,5.15,2.2
258,Sorghum,2021/22,6.49,5.79,399.0,68.97,6.0,2.2
259,Barley,1866/67,,0.75,18.1,24.0,0.95,
260,Barley,1867/68,,1.06,23.85,22.5,1.22,
261,Barley,1868/69,,1.06,23.2,21.8,1.49,
262,Barley,1869/70,,1.24,29.1,23.5,0.87,
263,Barley,1870/71,,1.33,29.05,21.8,0.85,
264,Barley,1871/72,,1.35,27.69,20.5,0.77,
265,Barley,1872/73,,1.42,32.01,22.5,0.74,
266,Barley,1873/74,,1.47,30.54,20.7,0.96,
267,Barley,1874/75,,1.63,36.13,22.2,0.96,
268,Barley,1875/76,,1.7,32.81,19.3,0.86,
269,Barley,1876/77,,1.97,40.71,20.6,0.69,
270,Barley,1877/78,,1.96,39.17,20.0,0.63,
271,Barley,1878/79,,1.85,37.45,20.3,0.58,
272,Barley,1879/80,,1.93,42.37,22.0,0.6,
273,Barley,1880/81,,1.99,45.26,22.7,0.66,
274,Barley,1881/82,,2.2,48.98,22.3,0.82,
275,Barley,1882/83,,2.43,60.07,24.7,0.63,
276,Barley,1883/84,,2.47,57.13,23.1,0.59,
277,Barley,1884/85,,2.69,67.92,25.2,0.48,
278,Barley,1885/86,,2.86,63.96,22.3,0.56,
279,Barley,1886/87,,3.03,73.5,24.3,0.53,
280,Barley,1887/88,,3.26,72.4,22.2,0.52,
281,Barley,1888/89,,3.28,75.98,23.1,0.59,
282,Barley,1889/90,,3.35,80.79,24.1,0.42,
283,Barley,1890/91,,3.25,69.88,21.5,0.62,
284,Barley,1891/92,,3.59,94.16,26.2,0.52,
285,Barley,1892/93,,3.86,95.17,24.7,0.47,
286,Barley,1893/94,,3.69,87.11,23.6,0.4,
287,Barley,1894/95,,3.64,74.21,20.4,0.44,
288,Barley,1895/96,,4.19,104.48,25.0,0.33,
289,Barley,1896/97,,4.13,97.48,23.6,0.3,
290,Barley,1897/98,,4.12,102.58,24.9,0.34,
291,Barley,1898/99,,4.11,98.17,23.9,0.39,
292,Barley,1899/00,,4.47,118.16,26.4,0.39,
293,Barley,1900/01,,4.7,96.59,20.5,0.41,
294,Barley,1901/02,,4.96,123.8,24.9,0.45,
295,Barley,1902/03,,5.47,146.21,26.7,0.45,
296,Barley,1903/04,,6.23,149.34,24.0,0.45,
297,Barley,1904/05,,6.58,166.1,25.2,0.41,
298,Barley,1905/06,,6.66,171.64,25.8,0.39,
299,Barley,1906/07,,6.74,179.15,26.6,0.42,
300,Barley,1907/08,,6.85,150.58,22.0,0.67,
301,Barley,1908/09,,7.41,170.78,23.1,0.57,
302,Barley,1909/10,,7.7,173.07,22.5,0.57,
303,Barley,1910/11,,7.55,142.42,18.9,0.6,
304,Barley,1911/12,,7.61,145.07,19.1,0.81,
305,Barley,1912/13,,7.54,196.93,26.1,0.51,
306,Barley,1913/14,,7.67,158.82,20.7,0.53,
307,Barley,1914/15,,7.65,177.71,23.2,0.53,
308,Barley,1915/16,,7.28,206.98,28.4,0.51,
309,Barley,1916/17,,7.62,159.16,20.9,0.79,
310,Barley,1917/18,,8.45,182.21,21.6,1.22,
311,Barley,1918/19,,9.2,225.07,24.5,0.96,
312,Barley,1919/20,,6.58,131.09,19.9,1.28,
313,Barley,1920/21,,7.44,171.04,23.0,0.91,
314,Barley,1921/22,,7.07,132.7,18.8,0.5,
315,Barley,1922/23,,6.6,152.91,23.2,0.51,
316,Barley,1923/24,,7.15,158.99,22.2,0.55,
317,Barley,1924/25,,7.04,165.32,23.5,0.74,
318,Barley,1925/26,,8.19,192.47,23.5,0.62,
319,Barley,1926/27,8.8,7.92,166.03,21.0,0.57,
320,Barley,1927/28,9.51,9.47,239.07,25.3,0.7,
321,Barley,1928/29,12.83,12.74,328.35,25.8,0.59,
322,Barley,1929/30,14.7,13.56,280.64,20.7,0.6,
323,Barley,1930/31,13.58,12.63,301.62,23.9,0.42,
324,Barley,1931/32,13.82,11.18,200.28,17.9,0.35,
325,Barley,1932/33,14.56,13.21,299.39,22.7,0.23,
326,Barley,1933/34,14.2,9.64,152.84,15.9,0.43,
327,Barley,1934/35,12.02,6.58,117.39,17.8,0.64,
328,Barley,1935/36,13.96,12.44,288.67,23.2,0.38,
329,Barley,1936/37,12.84,8.33,147.74,17.7,0.75,
330,Barley,1937/38,12.35,9.97,221.89,22.3,0.55,
331,Barley,1938/39,12.17,10.61,256.62,24.2,0.38,
332,Barley,1939/40,15.51,12.74,278.19,21.8,0.4,
333,Barley,1940/41,15.69,13.53,311.28,23.0,0.39,
334,Barley,1941/42,15.86,14.28,362.57,25.4,0.55,
335,Barley,1942/43,19.69,16.96,429.45,25.3,0.63,
336,Barley,1943/44,17.47,14.9,322.91,21.7,1.0,
337,Barley,1944/45,14.35,12.3,276.28,22.5,1.01,
338,Barley,1945/46,11.75,10.45,266.99,25.5,1.01,
339,Barley,1946/47,11.47,10.38,265.06,25.5,1.38,
340,Barley,1947/48,11.98,10.96,281.87,25.7,1.73,
341,Barley,1948/49,13.06,11.91,315.54,26.5,1.16,
342,Barley,1949/50,11.13,9.87,237.07,24.0,1.06,
343,Barley,1950/51,13.01,11.16,303.77,27.2,1.19,
344,Barley,1951/52,10.79,9.42,257.21,27.3,1.26,
345,Barley,1952/53,9.19,8.24,228.17,27.7,1.37,
346,Barley,1953/54,9.62,8.68,246.72,28.4,1.17,
347,Barley,1954/55,14.74,13.37,379.25,28.4,1.09,
348,Barley,1955/56,16.29,14.52,403.07,27.8,0.92,
349,Barley,1956/57,14.73,12.85,376.66,29.3,0.99,
350,Barley,1957/58,16.4,14.87,442.76,29.8,0.89,
351,Barley,1958/59,16.15,14.79,477.37,32.3,0.9,
352,Barley,1959/60,16.77,14.87,420.2,28.3,0.86,
353,Barley,1960/61,15.53,13.86,429.01,31.0,0.84,
354,Barley,1961/62,15.62,12.81,392.44,30.6,0.98,
355,Barley,1962/63,14.38,12.21,427.73,35.0,0.92,
356,Barley,1963/64,13.45,11.24,392.83,35.0,0.9,
357,Barley,1964/65,11.65,10.28,386.06,37.6,0.95,
358,Barley,1965/66,10.12,9.17,393.06,42.9,1.02,
359,Barley,1966/67,11.18,10.25,392.11,38.3,1.06,
360,Barley,1967/68,10.08,9.23,373.75,40.5,1.01,
361,Barley,1968/69,10.49,9.73,426.15,43.8,0.92,
362,Barley,1969/70,10.29,9.56,427.06,44.7,0.89,
363,Barley,1970/71,10.48,9.71,416.09,42.8,0.97,
364,Barley,1971/72,11.06,10.1,462.42,45.8,0.99,
365,Barley,1972/73,10.57,9.65,421.72,43.7,1.21,
366,Barley,1973/74,11.05,10.3,417.43,40.5,2.14,
367,Barley,1974/75,8.71,7.93,298.67,37.7,2.81,
368,Barley,1975/76,9.37,8.62,379.16,44.0,2.42,0.9
369,Barley,1976/77,9.3,8.44,383.01,45.4,2.25,1.22
370,Barley,1977/78,10.78,9.73,427.78,44.0,1.78,1.63
371,Barley,1978/79,9.99,9.25,454.76,49.2,1.92,1.63
372,Barley,1979/80,8.12,7.53,383.2,50.9,2.27,1.71
373,Barley,1980/81,8.32,7.26,361.14,49.7,2.79,1.83
374,Barley,1981/82,9.62,9.04,473.51,52.4,2.48,1.95
375,Barley,1982/83,9.55,9.01,515.94,57.2,2.18,2.08
376,Barley,1983/84,10.41,9.72,508.27,52.3,2.47,2.16
377,Barley,1984/85,11.93,11.22,598.03,53.3,2.29,2.08
378,Barley,1985/86,13.14,11.59,590.21,50.9,1.98,2.08
379,Barley,1986/87,13.02,11.97,608.53,50.8,1.61,1.56
380,Barley,1987/88,10.93,9.96,521.5,52.4,1.81,1.49
381,Barley,1988/89,9.83,7.64,289.99,38.0,2.8,1.44
382,Barley,1989/90,9.13,8.31,404.2,48.6,2.42,1.34
383,Barley,1990/91,8.22,7.53,422.2,56.1,2.14,1.28
384,Barley,1991/92,8.94,8.41,464.33,55.2,2.1,1.32
385,Barley,1992/93,7.76,7.29,455.09,62.5,2.04,1.4
386,Barley,1993/94,7.79,6.75,398.04,58.9,1.99,1.4
387,Barley,1994/95,7.16,6.67,374.86,56.2,2.03,1.54
388,Barley,1995/96,6.69,6.28,359.38,57.2,2.89,1.54
389,Barley,1996/97,7.09,6.71,392.43,58.5,2.74,1.55
390,Barley,1997/98,6.71,6.2,359.88,58.1,2.38,1.57
391,Barley,1998/99,6.33,5.85,351.57,60.1,1.98,1.56
392,Barley,1999/00,4.98,4.57,272.0,59.5,2.13,1.59
393,Barley,2000/01,5.8,5.2,317.8,61.1,2.11,1.62
394,Barley,2001/02,4.95,4.27,248.33,58.1,2.22,1.65
395,Barley,2002/03,5.01,4.12,226.91,55.0,2.72,1.88
396,Barley,2003/04,5.35,4.73,278.28,58.9,2.83,1.88
397,Barley,2004/05,4.53,4.02,279.74,69.6,2.48,1.85
398,Barley,2005/06,3.88,3.27,211.9,64.8,2.53,1.85
399,Barley,2006/07,3.45,2.95,180.17,61.1,2.85,1.85
400,Barley,2007/08,4.02,3.5,210.11,60.0,4.02,1.85
401,Barley,2008/09,4.24,3.78,239.07,63.3,5.37,1.85
402,Barley,2009/10,3.57,3.11,226.6,72.8,4.66,1.85
403,Barley,2010/11,2.87,2.47,180.24,73.1,3.86,1.95
404,Barley,2011/12,2.56,2.24,154.79,69.1,5.35,1.95
405,Barley,2012/13,3.66,3.27,218.99,66.9,6.43,1.95
406,Barley,2013/14,3.53,3.04,216.75,71.3,6.06,1.95
407,Barley,2014/15,3.03,2.5,181.54,72.7,5.3,1.95
408,Barley,2015/16,3.58,3.16,218.19,69.1,5.52,1.95
409,Barley,2016/17,3.06,2.57,199.91,77.9,4.96,1.95
410,Barley,2017/18,2.49,1.96,143.26,73.0,4.47,1.95
411,Barley,2018/19,2.55,1.98,153.53,77.5,4.62,1.95
412,Barley,2019/20,2.77,2.22,172.5,77.7,4.69,2.5
413,Barley,2020/21,2.62,2.13,165.32,77.51,4.75,2.5
414,Barley,2021/22,2.6,2.04,114.29,55.91,5.95,2.5
415,Oats,1866/67,,7.94,232.36,29.3,0.47,
416,Oats,1867/68,,8.18,222.61,27.2,0.59,
417,Oats,1868/69,,8.9,229.68,25.8,0.54,
418,Oats,1869/70,,9.56,284.0,29.7,0.46,
419,Oats,1870/71,,10.35,267.95,25.9,0.43,
420,Oats,1871/72,,11.06,306.22,27.7,0.39,
421,Oats,1872/73,,11.79,326.76,27.7,0.32,
422,Oats,1873/74,,12.01,306.91,25.6,0.37,
423,Oats,1874/75,,12.78,272.5,21.3,0.52,
424,Oats,1875/76,,13.62,364.97,26.8,0.37,
425,Oats,1876/77,,14.59,327.21,22.4,0.35,
426,Oats,1877/78,,14.82,435.33,29.4,0.29,
427,Oats,1878/79,,15.83,443.37,28.0,0.24,
428,Oats,1879/80,,15.96,415.44,26.0,0.33,
429,Oats,1880/81,,16.41,417.94,25.5,0.35,
430,Oats,1881/82,,16.92,446.13,26.4,0.46,
431,Oats,1882/83,,19.08,540.46,28.3,0.37,
432,Oats,1883/84,,20.62,605.58,29.4,0.32,
433,Oats,1884/85,,21.97,640.52,29.1,0.27,
434,Oats,1885/86,,23.35,674.15,28.9,0.28,
435,Oats,1886/87,,24.43,682.31,27.9,0.29,
436,Oats,1887/88,,26.27,696.18,26.5,0.3,
437,Oats,1888/89,,27.81,773.14,27.8,0.27,
438,Oats,1889/90,,28.7,831.05,29.0,0.22,
439,Oats,1890/91,,28.28,609.12,21.5,0.42,
440,Oats,1891/92,,27.76,836.79,30.1,0.31,
441,Oats,1892/93,,28.17,721.82,25.6,0.32,
442,Oats,1893/94,,29.27,707.13,24.2,0.29,
443,Oats,1894/95,,29.56,750.01,25.4,0.32,
444,Oats,1895/96,,30.91,924.86,29.9,0.19,
445,Oats,1896/97,,30.25,774.93,25.6,0.18,
446,Oats,1897/98,,28.83,829.53,28.8,0.21,
447,Oats,1898/99,,29.33,842.21,28.7,0.25,
448,Oats,1899/00,,29.25,937.17,32.0,0.25,
449,Oats,1900/01,,31.05,945.48,30.5,0.25,
450,Oats,1901/02,,30.89,799.81,25.9,0.4,
451,Oats,1902/03,,31.36,1076.9,34.3,0.31,
452,Oats,1903/04,,32.19,885.47,27.5,0.34,
453,Oats,1904/05,,32.75,1011.56,30.9,0.31,
454,Oats,1905/06,,33.43,1104.4,33.0,0.29,
455,Oats,1906/07,,33.69,1022.72,30.4,0.32,
456,Oats,1907/08,,34.44,801.14,23.3,0.44,
457,Oats,1908/09,,34.31,829.31,24.2,0.49,
458,Oats,1909/10,,35.06,1013.91,28.9,0.42,
459,Oats,1910/11,,36.84,1106.16,30.0,0.34,
460,Oats,1911/12,,37.15,885.53,23.8,0.44,
461,Oats,1912/13,,37.24,1353.27,36.3,0.33,
462,Oats,1913/14,,37.25,1039.13,27.9,0.37,
463,Oats,1914/15,,37.21,1066.33,28.7,0.43,
464,Oats,1915/16,,38.8,1435.27,37.0,0.37,
465,Oats,1916/17,,39.1,1138.97,29.1,0.47,
466,Oats,1917/18,,41.6,1442.52,34.7,0.68,
467,Oats,1918/19,,42.46,1428.61,33.6,0.66,
468,Oats,1919/20,,39.6,1106.6,27.9,0.75,
469,Oats,1920/21,,42.73,1444.29,33.8,0.52,
470,Oats,1921/22,,45.54,1045.27,23.0,0.3,
471,Oats,1922/23,,40.32,1147.91,28.5,0.36,
472,Oats,1923/24,,40.25,1227.18,30.5,0.39,
473,Oats,1924/25,,41.86,1416.12,33.8,0.47,
474,Oats,1925/26,,44.24,1405.27,31.8,0.37,
475,Oats,1926/27,43.94,42.85,1152.91,26.9,0.39,
476,Oats,1927/28,40.53,40.35,1093.22,27.1,0.46,
477,Oats,1928/29,40.24,40.13,1312.91,32.7,0.39,
478,Oats,1929/30,40.53,38.15,1112.95,29.2,0.4,
479,Oats,1930/31,42.61,39.85,1274.59,32.0,0.31,
480,Oats,1931/32,44.48,40.19,1124.23,28.0,0.2,
481,Oats,1932/33,45.55,41.7,1254.58,30.1,0.15,
482,Oats,1933/34,43.77,36.53,736.31,20.2,0.33,
483,Oats,1934/35,40.47,29.46,544.25,18.5,0.46,
484,Oats,1935/36,43.6,40.11,1210.23,30.2,0.26,
485,Oats,1936/37,41.93,33.65,792.58,23.6,0.43,
486,Oats,1937/38,39.83,35.54,1176.74,33.1,0.3,
487,Oats,1938/39,39.39,36.04,1089.38,30.2,0.23,
488,Oats,1939/40,38.2,33.46,957.7,28.6,0.31,
489,Oats,1940/41,39.32,35.43,1246.45,35.2,0.3,
490,Oats,1941/42,41.84,38.16,1182.51,31.0,0.41,
491,Oats,1942/43,43.02,38.2,1342.68,35.2,0.48,
492,Oats,1943/44,43.47,38.91,1139.83,29.3,0.71,
493,Oats,1944/45,44.14,39.74,1149.24,28.9,0.69,
494,Oats,1945/46,46.03,41.74,1523.85,36.5,0.65,
495,Oats,1946/47,46.52,42.81,1477.57,34.5,0.81,
496,Oats,1947/48,42.06,37.86,1176.14,31.1,1.04,
497,Oats,1948/49,43.84,39.28,1450.19,36.9,0.72,
498,Oats,1949/50,43.13,37.79,1220.12,32.3,0.66,
499,Oats,1950/51,45.04,39.31,1369.2,34.8,0.79,
500,Oats,1951/52,41.02,35.23,1277.65,36.3,0.82,
501,Oats,1952/53,42.34,37.01,1217.43,32.9,0.79,
502,Oats,1953/54,43.22,37.54,1153.21,30.7,0.74,
503,Oats,1954/55,46.9,40.55,1409.6,34.8,0.71,
504,Oats,1955/56,47.49,39.03,1495.98,38.3,0.6,
505,Oats,1956/57,44.21,33.33,1151.4,34.5,0.69,
506,Oats,1957/58,41.84,34.07,1289.88,37.9,0.61,
507,Oats,1958/59,37.7,31.25,1401.41,44.8,0.58,
508,Oats,1959/60,35.06,27.76,1050.05,37.8,0.65,
509,Oats,1960/61,31.42,26.59,1153.33,43.4,0.6,
510,Oats,1961/62,32.31,23.89,1010.31,42.3,0.64,
511,Oats,1962/63,29.5,22.38,1012.2,45.2,0.62,
512,Oats,1963/64,28.05,21.31,965.51,45.3,0.62,
513,Oats,1964/65,25.63,19.76,852.26,43.1,0.63,
514,Oats,1965/66,24.05,18.52,929.55,50.2,0.62,
515,Oats,1966/67,23.34,17.88,803.32,44.9,0.67,
516,Oats,1967/68,20.72,16.11,793.8,49.3,0.66,
517,Oats,1968/69,23.34,17.71,950.69,53.7,0.6,
518,Oats,1969/70,23.56,17.97,965.86,53.7,0.58,
519,Oats,1970/71,24.41,18.59,915.24,49.2,0.62,
520,Oats,1971/72,21.83,15.71,878.08,55.9,0.6,
521,Oats,1972/73,19.99,13.41,690.62,51.5,0.72,
522,Oats,1973/74,18.61,13.77,659.14,47.9,1.18,
523,Oats,1974/75,17.01,12.61,600.66,47.6,1.53,
524,Oats,1975/76,16.43,13.04,638.96,49.0,1.45,0.54
525,Oats,1976/77,16.62,11.83,540.44,45.7,1.56,0.72
526,Oats,1977/78,17.73,13.49,752.77,55.8,1.09,1.03
527,Oats,1978/79,16.41,11.13,581.66,52.3,1.2,1.03
528,Oats,1979/80,13.96,9.68,526.75,54.4,1.33,1.08
529,Oats,1980/81,13.38,8.66,458.79,53.0,1.72,1.16
530,Oats,1981/82,13.63,9.41,509.53,54.2,1.88,1.24
531,Oats,1982/83,13.95,10.26,592.63,57.8,1.49,1.31
532,Oats,1983/84,20.29,9.06,476.47,52.6,1.62,1.36
533,Oats,1984/85,12.41,8.16,473.66,58.0,1.67,1.31
534,Oats,1985/86,13.24,8.15,518.49,63.6,1.23,1.31
535,Oats,1986/87,14.67,6.84,385.0,56.3,1.21,0.99
536,Oats,1987/88,17.91,6.89,373.71,54.3,1.56,0.94
537,Oats,1988/89,13.91,5.53,217.38,39.3,2.61,0.9
538,Oats,1989/90,12.09,6.88,373.59,54.3,1.49,0.85
539,Oats,1990/91,10.42,5.95,357.65,60.1,1.14,0.81
540,Oats,1991/92,8.65,4.82,243.85,50.6,1.21,0.83
541,Oats,1992/93,7.94,4.5,294.23,65.4,1.32,0.88
542,Oats,1993/94,7.94,3.8,206.73,54.4,1.36,0.88
543,Oats,1994/95,6.64,4.01,228.84,57.1,1.22,0.97
544,Oats,1995/96,6.23,2.95,161.09,54.6,1.67,0.97
545,Oats,1996/97,4.64,2.66,153.25,57.7,1.96,1.03
546,Oats,1997/98,5.07,2.81,167.25,59.5,1.6,1.11
547,Oats,1998/99,4.89,2.75,165.77,60.2,1.1,1.11
548,Oats,1999/00,4.67,2.45,145.63,59.6,1.12,1.13
549,Oats,2000/01,4.47,2.33,149.17,64.2,1.1,1.16
550,Oats,2001/02,4.4,1.91,117.6,61.5,1.59,1.21
551,Oats,2002/03,5.0,2.06,116.0,56.4,1.81,1.35
552,Oats,2003/04,4.6,2.22,144.38,65.0,1.48,1.35
553,Oats,2004/05,4.09,1.79,115.7,64.7,1.48,1.33
554,Oats,2005/06,4.25,1.82,114.86,63.0,1.63,1.33
555,Oats,2006/07,4.17,1.56,93.52,59.8,1.87,1.33
556,Oats,2007/08,3.76,1.5,90.43,60.1,2.63,1.33
557,Oats,2008/09,3.26,1.41,90.05,63.7,3.15,1.33
558,Oats,2009/10,3.35,1.34,91.04,67.9,2.02,1.33
559,Oats,2010/11,3.11,1.27,81.86,64.6,2.52,1.39
560,Oats,2011/12,2.35,0.88,50.13,57.3,3.49,1.39
561,Oats,2012/13,2.7,1.01,61.49,61.2,3.89,1.39
562,Oats,2013/14,2.98,1.01,64.64,64.1,3.75,1.39
563,Oats,2014/15,2.75,1.04,70.23,67.9,3.21,1.39
564,Oats,2015/16,3.09,1.28,89.46,70.2,2.12,1.39
565,Oats,2016/17,2.83,0.98,64.63,66.0,2.06,1.39
566,Oats,2017/18,2.59,0.8,49.59,61.7,2.59,1.39
567,Oats,2018/19,2.75,0.87,56.13,64.9,2.66,1.39
568,Oats,2019/20,2.83,0.83,53.26,64.3,2.82,2.0
569,Oats,2020/21,2.98,1.0,65.36,65.09,2.77,2.0
570,Oats,2021/22,2.35,0.72,41.31,57.21,3.6,2.0
